"","min","min.1","min.2","min.3","min.4","min.5","min.6","a.limit","landscape.type"
"1",37.7798987149954,18.8899493574977,9.44497467874884,2.36124366968721,1.1806218348436,0.590310917421802,0.295155458710901,0.01,"regular"
"2",93.208683789695,46.6043418948475,23.3021709474238,5.82554273685594,2.91277136842797,1.45638568421398,0.728192842106992,0.01,"random"
"3",145.429736324277,72.7148681621383,36.3574340810691,9.08935852026728,4.54467926013364,2.27233963006682,1.13616981503341,0.01,"clustered"
