"","Min","1st.Q","Med","Mean","3rd.Q","Max","a","avg.disp"
"1",0.000169890950727542,0.0439373361380871,0.145509191337383,1.43602263131604,0.707235044375654,37.4484595764006,36.3574340810691,"1/4x Avg Min Nearest Neighbour Distance"
"2",0.23766139353431,2.0863991834671,4.97845363648631,7.69575558039074,8.93080711972881,63.3207214060121,9.08935852026728,"1x Avg Min Nearest Neighbour Distance"
"3",7.09473685828439,19.8695322218348,31.6676628240741,34.4848712724325,41.8916651591008,151.793133124215,2.27233963006682,"4x Avg Min Nearest Neighbour Distance"
"4",4024.912471,5120.68444271773,5844.77126241267,6227.31873786602,6691.30403117753,16198.7641476706,0.01,"Global Dispersal"
