"","Min","1st.Q","Med","Mean","3rd.Q","Max","a","avg.disp"
"1",1.00223949978178e-05,7.82907152467654e-05,0.00070399673358423,0.120719070992519,0.00786416143686393,17.9522866161473,15.0639874129828,"1/8x Avg Min Nearest Neighbour Distance"
"2",1.02527436918067e-05,0.000336858133540402,0.00455514148734969,0.291410425923753,0.0501197485113978,26.135928458133,7.53199370649142,"1/4x Avg Min Nearest Neighbour Distance"
"3",2.72470128928909e-05,0.0205332352427488,0.121448237983447,0.9689199042868,0.551485799078822,204.561717287868,3.76599685324571,"1/2x Avg Min Nearest Neighbour Distance"
"4",0.180738899317952,1.85660967578633,3.72296187289759,7.67464358222895,8.50791679563034,180.044929918961,0.941499213311427,"1x Avg Min Nearest Neighbour Distance"
"5",1.10133759926259,6.40813512104894,10.5101417278782,17.1355776751926,18.5158627551925,370.849952177523,0.470749606655713,"2x Avg Min Nearest Neighbour Distance"
"6",5.21076773471922,17.303127086548,25.9506651989754,37.4975872640593,42.5322941773653,446.557021125282,0.235374803327857,"4x Avg Min Nearest Neighbour Distance"
"7",12.3519156291122,39.3813615187318,55.4853297129788,73.3185705444333,83.5807431697313,1166.95373542735,0.117687401663928,"8x Avg Min Nearest Neighbour Distance"
"8",116.27392255517,326.593136617037,436.497927759709,507.403377584075,610.462421210582,3848.44148816789,0.01,"Global Dispersal"
