"","Min","1st.Q","Med","Mean","3rd.Q","Max","a","avg.disp"
"1",1.00792697207427e-05,5.34872609410137e-05,0.000461202707088658,0.389397448214863,0.0053972762883571,61.2343061756241,5.9120027089876,"1/8x Avg Min Nearest Neighbour Distance"
"2",1.01598987898067e-05,6.60463077828363e-05,0.000196803659851219,0.0515027102528279,0.000665082455070081,7.26288347155199,2.9560013544938,"1/4x Avg Min Nearest Neighbour Distance"
"3",0.000831734732092328,0.0103379228481131,0.0179642642272128,0.360611594136873,0.0425456026055876,98.9580378885137,1.4780006772469,"1/2x Avg Min Nearest Neighbour Distance"
"4",0.570551120466441,2.04223986160155,2.84019576156674,4.60392099629429,4.41225972066653,173.623612197615,0.369500169311725,"1x Avg Min Nearest Neighbour Distance"
"5",2.88198693822405,9.67049821447489,13.458844458153,17.3838678507074,19.2285677017964,316.647871528725,0.184750084655863,"2x Avg Min Nearest Neighbour Distance"
"6",10.6036031821604,30.8821211570331,43.2192655843763,53.3784904150584,62.1993601906968,592.05240080111,0.0923750423279313,"4x Avg Min Nearest Neighbour Distance"
"7",32.0207268708878,85.4274258693364,115.871064468507,135.652750003918,164.426707241809,886.417539193241,0.0461875211639656,"8x Avg Min Nearest Neighbour Distance"
"8",106.841031835074,308.178930393238,409.468199895431,468.364257297269,555.172121607339,2623.76410761678,0.01,"Global Dispersal"
