"","Min","1st.Q","Med","Mean","3rd.Q","Max","a","avg.disp"
"1",1.03245234156777e-05,1.34202193934565e-05,1.69947807914458e-05,2.58519944258878e-05,2.38311305600247e-05,0.000209958336148188,1.74322777838699,"1/8x Avg Min Nearest Neighbour Distance"
"2",0.000332435448424999,0.00181182892618872,0.00307546828872324,0.00465721604808841,0.00536215348127233,0.0970371038474384,0.871613889193493,"1/4x Avg Min Nearest Neighbour Distance"
"3",0.0373797818426397,0.228096772040671,0.351067353155035,0.480431567576746,0.569584267183589,6.63879156113291,0.435806944596746,"1/2x Avg Min Nearest Neighbour Distance"
"4",5.30286870660727,17.8468804125922,25.6093726696528,32.1411187000719,38.3007701533428,287.152105027229,0.108951736149187,"1x Avg Min Nearest Neighbour Distance"
"5",18.9980130499456,57.641829837923,81.3602570780413,97.1903355547517,116.845450462099,696.355488111462,0.0544758680745933,"2x Avg Min Nearest Neighbour Distance"
"6",44.5974802123256,136.777769650336,189.732459858397,223.738015024118,263.549423506713,1665.50323837408,0.0272379340372967,"4x Avg Min Nearest Neighbour Distance"
"7",80.4896965127528,249.901380828145,336.466522055991,390.440145671066,471.443536396037,2195.37797608598,0.0136189670186483,"8x Avg Min Nearest Neighbour Distance"
"8",91.2294534992361,296.623352562806,406.824420718328,470.558547281122,561.771646762235,3567.94553223014,0.01,"Global Dispersal"
